Category,Summary
Entertainment,"'Avengers: Endgame' became the highest-grossing film of all time, surpassing 'Avatar' with its epic conclusion to the Marvel Cinematic Universe's Infinity Saga."
Entertainment,"The final season of 'Game of Thrones', a highly popular fantasy series, aired, drawing significant attention and debate over its ending."
Entertainment,"Jussie Smollett, known for his role on 'Empire', faced legal scrutiny after a controversial incident involving an alleged hate crime in Chicago."
Entertainment,"Disney released a live-action remake of 'The Lion King', featuring voice work from Beyoncé and Donald Glover, aiming to capture the magic of the original animated classic."
Entertainment,"Billie Eilish, at just 18, made history by winning the 'Big Four' Grammy Awards—Best New Artist, Album of the Year, Song of the Year, and Record of the Year—in a single night."
Entertainment,"Joaquin Phoenix starred in 'Joker', a standalone film that delves into the origins of the iconic DC character, earning critical acclaim and the Golden Lion at the Venice Film Festival."
Entertainment,"'Friends' celebrated its 25th anniversary with a range of events and merchandise, highlighting the show's enduring popularity and cultural impact."
Entertainment,"Martin Scorsese's 'The Irishman', a lengthy epic about organized crime, debuted on Netflix and was praised for its cinematic achievements and performances."
Entertainment,"Ariana Grande's 'Thank U, Next' album, released in early 2019, received widespread acclaim for its personal and emotional depth, topping charts globally."
Entertainment,"'Parasite', a South Korean film directed by Bong Joon-ho, won the Academy Award for Best Picture, marking a historic win for a non-English language film."
Entertainment,"HBO's 'Watchmen' series, a continuation of the original graphic novel, explored complex themes and expanded the universe with a fresh narrative."
Entertainment,"'Rocketman', a biopic about Elton John, starring Taron Egerton, was released and received praise for its musical performances and portrayal of John's rise to fame."
Entertainment,"'Stranger Things' Season 3 continued the nostalgic 80s sci-fi adventure, introducing new characters and deeper plotlines while retaining its fan-favorite elements."
Entertainment,"Disney+ launched in November 2019, offering a vast array of content from Disney, Pixar, Marvel, and Star Wars, competing with other streaming services."
Entertainment,"Taylor Swift’s album 'Lover' showcased a lighter, more romantic side of the artist and was celebrated for its catchy songs and vibrant themes."
Entertainment,"Quentin Tarantino's 'Once Upon a Time in Hollywood', set in the 1960s, was noted for its unique narrative and homage to the film industry, garnering multiple awards."
Entertainment,"The 'Fast & Furious' spin-off film 'Hobbs & Shaw' brought action-packed thrills and expanded the franchise with new characters and high-octane sequences."
Entertainment,"Disney’s 'Frozen II' continued the story of Elsa and Anna, offering new songs and adventures while building on the success of the original film."
Entertainment,"Netflix's 'The Witcher', based on the popular book series, debuted and quickly gained a large following for its complex characters and fantasy world."
Entertainment,"Rihanna was honored with the CFDA Fashion Icon Award, recognizing her influence and contributions to fashion through her bold style and successful ventures."
Entertainment,"'Knives Out', a modern whodunit film directed by Rian Johnson, was praised for its clever script, engaging mystery, and an all-star cast."
Entertainment,"'1917', directed by Sam Mendes, was celebrated for its innovative single-shot appearance and gripping portrayal of World War I."
Entertainment,"The 'Sonic the Hedgehog' movie faced initial backlash over its character design but was later redesigned and achieved commercial success."
Entertainment,"The release of 'No Time to Die', the latest James Bond film, was postponed to 2020 due to production delays and external factors."
Entertainment,"'The Mandalorian', a new series set in the Star Wars universe, became a cultural phenomenon, introducing the character known as 'Baby Yoda'."
Entertainment,"Eminem's surprise album 'Music to Be Murdered By' was released, featuring a mix of introspective tracks and high-energy rap."
Entertainment,"HBO's 'Chernobyl', a miniseries about the 1986 nuclear disaster, received acclaim for its historical accuracy and dramatic storytelling."
Entertainment,"'Spider-Man: Far From Home' continued the adventures of the iconic superhero, exploring the aftermath of 'Avengers: Endgame'."
Entertainment,"'Dolemite Is My Name', starring Eddie Murphy, was praised for its nostalgic portrayal of the 1970s film industry and Murphy's performance."
Entertainment,"'Jojo Rabbit', directed by Taika Waititi, offered a satirical take on World War II through the eyes of a young boy with an imaginary friend."
Entertainment,"Bong Joon-ho’s 'Parasite' won the Palme d'Or at Cannes, becoming the first South Korean film to achieve this prestigious recognition."
Entertainment,"Netflix's 'The Dark Crystal: Age of Resistance', a prequel to the 1982 film, was noted for its impressive puppetry and fantasy world."
Entertainment,"'The Crown' continued its exploration of the British royal family, focusing on Princess Diana's life and its impact on the monarchy."
Entertainment,"'Homecoming', a documentary about Beyoncé’s Coachella performance, was released on Netflix and highlighted her iconic show and preparations."
Entertainment,"'Jumanji: The Next Level' brought back the adventure with a new set of challenges and characters, continuing the franchise's success."
Entertainment,"'A Beautiful Day in the Neighborhood', starring Tom Hanks, depicted the story of Fred Rogers and his impact on a journalist’s life."
Entertainment,"'Rambo: Last Blood', the fifth film in the Rambo series, continued the saga with intense action and a personal mission for its protagonist."
Entertainment,"'Ad Astra', starring Brad Pitt, presented a space drama focused on a father-son relationship and the quest for answers in deep space."
Entertainment,"'Once Upon a Time in Hollywood' received several Golden Globe nominations, reinforcing its impact on film and popular culture."
Entertainment,"'The Great Hack', a documentary on data and its impact on politics, explored the influence of social media and data mining."
Entertainment,"'Hustlers', featuring Jennifer Lopez, portrayed a group of strippers who scheme to steal from wealthy clients, receiving praise for its performances."
Entertainment,"'Maleficent: Mistress of Evil' continued the story of Disney’s iconic villain, expanding the magical world and her complex relationships."
Entertainment,"'Little Women', directed by Greta Gerwig, offered a fresh adaptation of the classic novel with a focus on character development and storytelling."
Entertainment,"'Men in Black: International', starring Tessa Thompson and Chris Hemsworth, expanded the franchise with new intergalactic adventures."
Entertainment,"'The Two Popes', starring Anthony Hopkins and Jonathan Pryce, delved into the relationship between Pope Benedict and Pope Francis."
Entertainment,"'Star Wars: The Rise of Skywalker' concluded the Skywalker saga, bringing closure to the long-running space epic with a climactic finale."
Entertainment,"'Richard Jewell', directed by Clint Eastwood, told the true story of the 1996 Atlanta bombing and the investigation that followed."
Entertainment,"'Jumanji: The Next Level' continued the franchise's adventures with new twists and challenges for the returning characters."
Entertainment,"'Abominable', an animated film about a young yeti’s journey, received positive reviews for its heartwarming story and animation quality."
Entertainment,"'Yesterday', a film where The Beatles never existed, explored the impact of their music on a struggling musician’s life."
Entertainment,"'The Witcher', based on a popular fantasy series, debuted on Netflix and became a hit for its engaging story and fantasy elements."
Entertainment,"'The Aeronauts', starring Felicity Jones and Eddie Redmayne, depicted a thrilling balloon journey and received praise for its visuals."
Entertainment,"'The Last Black Man in San Francisco', a unique film about gentrification and identity, garnered critical acclaim for its storytelling."
Entertainment,"'Jojo Rabbit' offered a satirical look at World War II and received numerous awards for its innovative approach and direction."
Entertainment,"'Klaus', an animated retelling of the Santa Claus origin story, was praised for its distinctive animation style and heartwarming narrative."
Entertainment,"'Doctor Sleep', a sequel to 'The Shining', explored the continuing story of Danny Torrance and his struggle with his traumatic past."
Entertainment,"'A Beautiful Day in the Neighborhood', with Tom Hanks as Fred Rogers, was celebrated for its portrayal of the beloved children's TV host."
Politics,"The impeachment inquiry into President Donald Trump was initiated by the House of Representatives in December 2019, focusing on allegations of abuse of power."
Politics,"The UK general election in December resulted in a significant victory for Boris Johnson and the Conservative Party, impacting Brexit negotiations."
Politics,"Protests in Hong Kong continued throughout 2019, with demonstrators demanding democratic reforms and expressing dissatisfaction with the government."
Politics,"The US and China reached a partial trade agreement, reducing some tariffs and easing tensions in their ongoing trade war."
Politics,"The impeachment inquiry into President Trump scrutinized his interactions with Ukraine, leading to charges of abuse of power and obstruction of Congress."
Politics,"The NATO summit in London addressed issues of defense spending and the future of the alliance amid global security challenges."
Politics,"France experienced widespread protests against proposed pension reforms, leading to significant disruptions and public demonstrations."
Politics,"International criticism mounted against Brazilian President Jair Bolsonaro for his handling of the Amazon rainforest fires and environmental policies."
Politics,"The Sudanese military ousted President Omar al-Bashir after months of protests, leading to a transitional government and negotiations for a new political system."
Politics,"The UN Climate Action Summit in New York saw world leaders discuss and commit to actions addressing global climate change challenges."
Politics,"In Lebanon, protests erupted over economic hardships and corruption, resulting in the resignation of Prime Minister Saad Hariri."
Politics,"The Hong Kong Human Rights and Democracy Act was passed by the US Congress, supporting pro-democracy activists and condemning violent responses."
Politics,"The 2019 Canadian federal election resulted in a minority government led by Justin Trudeau, focusing on climate change and economic issues."
Politics,"The UK Parliament debated and voted on multiple Brexit-related proposals, including extensions and new withdrawal agreements."
Politics,"Protests in Chile against economic inequality and social issues led to significant political changes, including a proposed new constitution."
Politics,"In Pakistan, Prime Minister Imran Khan's government faced criticism over its handling of economic reforms and governance issues."
Politics,"The UN Security Council addressed conflicts in Yemen, Syria, and other regions, seeking solutions and humanitarian assistance."
Politics,"The 2019 Tokyo International Conference on African Development (TICAD) focused on strengthening economic partnerships and development in Africa."
Politics,"The US Department of Justice launched an investigation into the origins of the Russia probe, impacting political discourse and legal proceedings."
Politics,"The Greek general election resulted in a victory for the New Democracy party, leading to a new government under Prime Minister Kyriakos Mitsotakis."
Politics,"The UN General Assembly convened in New York, addressing global challenges including climate change, human rights, and international conflicts."
Politics,"In Turkey, political tensions rose over the government's military operations in Syria and its impact on regional stability."
Politics,"The 2019 Myanmar general election saw the continuation of Aung San Suu Kyi's leadership amid ongoing challenges and criticisms."
Politics,"In Egypt, President Abdel Fattah el-Sisi faced international scrutiny over human rights abuses and political repression."
Politics,"The UN Climate Action Summit featured discussions on global efforts to combat climate change and achieve environmental sustainability."
Politics,"In Algeria, a presidential election was held following widespread protests and the resignation of President Abdelaziz Bouteflika."
Politics,"The US House of Representatives passed a significant defense bill, including provisions for military funding and national security enhancements."
Politics,"In Sri Lanka, a new president was elected following security concerns and political instability after the Easter bombings."
Politics,"The US and Iran engaged in diplomatic efforts to address tensions and potential conflicts in the Middle East, focusing on nuclear agreements."
Politics,"In South Africa, President Cyril Ramaphosa faced challenges related to economic growth, corruption, and governance issues."
Politics,"The 2019 G20 Summit in Osaka addressed global economic issues, trade tensions, and climate change, with world leaders seeking common ground."
Politics,"In Nigeria, the government addressed security challenges and economic issues while working to combat corruption and improve governance."
Politics,"The US Department of State released a report on human rights practices, highlighting issues and concerns in various countries and regions."
Politics,"In Canada, Prime Minister Justin Trudeau faced political challenges related to ethics and governance amid ongoing scrutiny."
Politics,"The 2019 African Union Summit addressed regional cooperation, economic development, and peace and security issues in Africa."
Politics,"In South Korea, President Moon Jae-in focused on economic reforms and diplomatic efforts to engage with North Korea."
Politics,"The UN Security Council continued discussions on conflicts in various regions, including Syria, Yemen, and the Korean Peninsula."
Politics,"In the United States, debates over healthcare policy and immigration continued to shape political discourse and policy discussions."
Politics,"In Australia, the government faced criticism for its handling of the bushfire crisis and climate change policies."
Politics,"The 2019 World Economic Forum in Davos focused on global economic challenges, trade relations, and sustainability initiatives."
Politics,"In Iran, political and social tensions persisted amid ongoing economic difficulties and international sanctions."
Politics,"The 2019 ASEAN Summit addressed regional cooperation, trade, and security issues in Southeast Asia, focusing on collective progress."
Politics,"In Italy, political instability continued with frequent changes in government leadership and coalition negotiations."
Economics,"The global economy faced uncertainties due to ongoing trade tensions between the US and China, affecting international trade and investment."
Economics,"The Federal Reserve cut interest rates multiple times in 2019, responding to global economic concerns and trade disputes."
Economics,"US stock markets experienced volatility, with major indices reaching new highs and also facing sharp declines throughout the year."
Economics,"China's economic growth slowed in 2019, impacted by trade tensions with the US and domestic economic challenges."
Economics,"The UK economy showed signs of slowing growth amid uncertainties surrounding Brexit and political instability."
Economics,"The IMF revised its global economic outlook downward, citing trade tensions and geopolitical uncertainties as major factors."
Economics,"The US unemployment rate remained low, with strong job growth and economic expansion throughout the year."
Economics,"The European Central Bank introduced new monetary policy measures to support economic growth and address inflationary pressures."
Economics,"Brazil faced significant economic challenges, including a struggling economy and political instability affecting investor confidence."
Economics,"The global oil market saw fluctuations in prices due to geopolitical tensions and disruptions in supply chains."
Economics,"The World Bank released a report highlighting challenges and opportunities in emerging markets, focusing on global economic prospects."
Economics,"India's economy faced challenges related to slowing growth and structural reforms, impacting investment and consumption patterns."
Economics,"The trade war between the US and China led to disruptions in global supply chains and shifts in international trade patterns."
Economics,"The European Union continued to address economic issues related to member states' fiscal policies and economic reforms."
Economics,"Japan's economy showed signs of stagnation, with low inflation and challenges related to demographic changes and economic growth."
Economics,"The US housing market experienced fluctuations in home prices and sales, influenced by changes in interest rates and economic conditions."
Economics,"The global agricultural sector faced challenges related to trade disputes, weather patterns, and fluctuations in commodity prices."
Economics,"The IMF provided financial assistance to several countries facing economic crises and balance of payments issues."
Economics,"The technology sector continued to drive economic growth, with significant investments and innovations in artificial intelligence and fintech."
Economics,"The global travel and tourism industry faced challenges due to geopolitical tensions, economic uncertainties, and environmental concerns."
Economics,"The US government implemented new trade agreements, including the USMCA, impacting trade relations with Canada and Mexico."
Economics,"The cryptocurrency market experienced volatility, with significant fluctuations in Bitcoin and other digital currencies."
Economics,"The global banking sector faced regulatory changes and challenges related to digital transformation and cybersecurity."
Economics,"The retail industry continued to evolve with shifts toward e-commerce and changes in consumer behavior impacting traditional retail."
Economics,"The global energy sector saw increased investments in renewable energy and shifts in fossil fuel markets amid environmental concerns."
Economics,"The US budget deficit continued to grow, driven by government spending and tax policies impacting fiscal sustainability."
Economics,"China's Belt and Road Initiative expanded with investments in infrastructure projects across Asia and Africa, enhancing regional connectivity."
Economics,"The global labor market experienced changes with increased focus on gig economy, remote work, and shifts in employment patterns."
Economics,"The healthcare sector faced economic pressures related to rising costs, policy changes, and the impact of new technologies."
Economics,"The global manufacturing sector experienced challenges related to trade tensions, supply chain disruptions, and changes in global demand."
Economics,"The US stock market saw record highs driven by strong corporate earnings, economic data, and investor optimism."
Economics,"The global financial markets faced uncertainties due to geopolitical events, trade disputes, and changes in economic policies."
Economics,"The real estate market in major cities experienced fluctuations in prices and investment trends influenced by economic conditions."
Economics,"The global education sector faced challenges related to funding, access to quality education, and technological advancements."
Economics,"The global shipping industry saw changes in regulations and disruptions due to trade disputes, impacting logistics and supply chains."
Economics,"The US economy experienced continued growth, with strong performance in sectors such as technology, consumer spending, and job creation."
Economics,"The global arts and entertainment industry saw economic impacts from changing consumer preferences, digital platforms, and content consumption."
Economics,"The global economic outlook remained uncertain with ongoing concerns about trade disputes, geopolitical tensions, and economic policies."
Economics,"The global public sector faced challenges related to fiscal policies, social spending, and balancing economic growth with social needs."
Economics,"The US government implemented new regulations affecting various industries, including financial services, technology, and environmental policies."
Economics,"The global construction industry experienced fluctuations due to economic conditions, regulatory changes, and investment trends."
Economics,"The global water and sanitation sector saw investments and developments aimed at improving access to clean water and addressing environmental concerns."
Economics,"The global fashion industry faced challenges related to sustainability, ethical practices, and shifting consumer preferences."
Economics,"The global telecommunications sector saw advancements in 5G technology, changes in market dynamics, and increased competition."
Economics,"The global mining industry experienced fluctuations in commodity prices, investment trends, and regulatory changes impacting the sector."
